Hadi,Elektronik,55
Budi,Buku,98.98
Sari,Pakaian,197.29
Putri,Mainan Anak,67.39
Oki,Peralatan Rumah Tangga,56.36
Indah,Elektronik,93.73
Gita,Mainan Anak,170.4
Julia,Mainan Anak,89.77
Fani,Mainan Anak,133.9
Mega,Peralatan Rumah Tangga,167.85
Chandra,Elektronik,201.75
Cici,Pakaian,189.62
Budi,Buku,105.57
Fani,Pakaian,241.43
Nia,Buku,70.44
Oki,Peralatan Rumah Tangga,69.34
Heni,Buku,170.74
Novi,Elektronik,195.94
Budi,Mainan Anak,74.96
Kevin,Peralatan Rumah Tangga,65.76
Mawan,Buku,215.87
Julia,Mainan Anak,227.08
Bambang,Buku,165.46
Oki,Elektronik,59.16
Dewi,Pakaian,204.61
Mega,Elektronik,221.05
Sari,Elektronik,126.02
Andi,Peralatan Rumah Tangga,177.13
Kiki,Buku,82.53
Chandra,Buku,91.9
Wawan,Buku,190.36
Sari,Elektronik,171.82
Joko,Pakaian,156.82
Nia,Pakaian,82.68
Wawan,Peralatan Rumah Tangga,103.99
Gita,Mainan Anak,93.92
Fani,Buku,218.56
Zaki,Elektronik,95.81
Gita,Elektronik,211
Xena,Peralatan Rumah Tangga,103.55
Xena,Pakaian,232.62
Novi,Mainan Anak,225.26
Rian,Buku,92.52
Cici,Peralatan Rumah Tangga,129.12
Edi,Peralatan Rumah Tangga,78.57
Julia,Pakaian,99.32
Hadi,Mainan Anak,157.79
Zaki,Mainan Anak,135.68
Fani,Mainan Anak,129.88
Kevin,Pakaian,249.46
Tono,Pakaian,151.9
Putra,Elektronik,201.15
Yanto,Elektronik,80.57
Lisa,Pakaian,208.41
Mawan,Peralatan Rumah Tangga,169.28
Eka,Peralatan Rumah Tangga,126.32
Cici,Peralatan Rumah Tangga,155.82
Oki,Mainan Anak,222.15
Tono,Elektronik,186.05
Fani,Elektronik,186.34
Oki,Mainan Anak,200.17
Gita,Buku,72.31
Zaki,Peralatan Rumah Tangga,81.63
Sari,Elektronik,240.75
Edi,Buku,244.37
Yanto,Pakaian,151.53
Kiki,Elektronik,224.1
Yanto,Buku,218.33
Xena,Mainan Anak,171.79
Nia,Pakaian,124.78
Sari,Pakaian,157.87
Eka,Mainan Anak,233.69
Novi,Mainan Anak,114.83
Kiki,Elektronik,72.37
Julia,Buku,225.74
Putri,Buku,97.89
Kiki,Pakaian,225.59
Edi,Elektronik,67.13
Zaki,Peralatan Rumah Tangga,213.2
Sari,Mainan Anak,203.16
Kevin,Pakaian,181.94
Oki,Mainan Anak,83.02
Vina,Mainan Anak,224.48
Dedi,Peralatan Rumah Tangga,242.86
Oki,Mainan Anak,201.05
Cici,Pakaian,192.58
Vina,Peralatan Rumah Tangga,249.02
Agus,Buku,137.62
Sari,Mainan Anak,140.29
Eka,Pakaian,94.94
Nia,Buku,54.21
Lisa,Mainan Anak,96.02
Vina,Pakaian,51.44
Nia,Elektronik,95.79
Gunawan,Elektronik,221.92
Agus,Elektronik,152.83
Edi,Buku,183.79
Joko,Pakaian,157.84
Rian,Mainan Anak,165.24
Indah,Pakaian,206.92
Putri,Peralatan Rumah Tangga,88.08
Kevin,Elektronik,181.79
Julia,Buku,134.71
Rian,Peralatan Rumah Tangga,222.76
Mega,Elektronik,184.67
Chandra,Elektronik,62.12
Mega,Buku,210.11
Agus,Elektronik,99.73
Yanto,Pakaian,157.25
Oki,Pakaian,134.37
Indah,Buku,142.52
Heni,Elektronik,138.62
Gunawan,Mainan Anak,69.58
Fani,Mainan Anak,217.2
Dedi,Elektronik,235.26
Hadi,Pakaian,83.26
Joko,Peralatan Rumah Tangga,146.27
Kiki,Peralatan Rumah Tangga,230.48
Chandra,Pakaian,125.79
Novi,Peralatan Rumah Tangga,103.04
Eka,Peralatan Rumah Tangga,107.05
Zaki,Mainan Anak,182.37
Zaki,Peralatan Rumah Tangga,80.96
Novi,Buku,93.54
Edi,Elektronik,165.83
Iwan,Mainan Anak,62.19
Rian,Buku,61.43
Kevin,Mainan Anak,145.35
Andi,Mainan Anak,81.48
Hadi,Mainan Anak,66.02
Julia,Pakaian,63.7
Sari,Elektronik,185.04
Wawan,Pakaian,130.75
Hadi,Mainan Anak,99.24
Tono,Mainan Anak,57.95
Chandra,Elektronik,133.84
Kiki,Mainan Anak,163.04
Edi,Buku,236.93
Andi,Pakaian,183.94
Rian,Buku,97.73
Heni,Peralatan Rumah Tangga,76.17
Lestari,Buku,141.44
Heni,Elektronik,51.86
Gita,Mainan Anak,249.68
Utami,Elektronik,64.65
Heni,Pakaian,151.17
Novi,Pakaian,236.64
Mawan,Elektronik,225.85
Joko,Buku,106.99
Yanto,Peralatan Rumah Tangga,216.74
Kiki,Buku,172.33
Julia,Mainan Anak,51.56
Iwan,Mainan Anak,109.87
Andi,Elektronik,237.78
Novi,Pakaian,102.89
Vina,Elektronik,198.48
Gunawan,Pakaian,104.47
Budi,Mainan Anak,92.12
Hadi,Buku,90.72
Yanto,Buku,151.08
Utami,Buku,231.06
Putri,Elektronik,68.46
Dedi,Peralatan Rumah Tangga,215.86
Putri,Elektronik,50.71
Lisa,Pakaian,177.42
Fani,Buku,82.31
Fani,Peralatan Rumah Tangga,160.33
Gunawan,Peralatan Rumah Tangga,162.18
Eka,Elektronik,65.05
Julia,Pakaian,159.11
Indah,Buku,166.5
Indah,Pakaian,135.95
Fitri,Elektronik,111.65
Kevin,Elektronik,229.78
Kiki,Pakaian,186.41
Rian,Elektronik,120.73
Iwan,Mainan Anak,226.82
Novi,Peralatan Rumah Tangga,244.76
Chandra,Pakaian,235.14
Nia,Pakaian,222.91
Julia,Pakaian,226.27
Mawan,Elektronik,85.87
Utami,Buku,206.47
Agus,Peralatan Rumah Tangga,210.44
Yanto,Pakaian,103.36
Dewi,Elektronik,126.5
Iwan,Elektronik,221.71
Dewi,Pakaian,89.91
Hadi,Peralatan Rumah Tangga,119.93
Putri,Pakaian,94.58
Oki,Pakaian,129.69
Eka,Buku,222.86
Wawan,Buku,120.23
Budi,Mainan Anak,129.93
Mega,Mainan Anak,116.23
Kevin,Elektronik,73.07
Oki,Buku,85.71
Mega,Buku,57.65
Oki,Mainan Anak,136.91
Andi,Buku,137.27
Eka,Mainan Anak,73.13
Dedi,Mainan Anak,88.01
Oki,Elektronik,191.75
Eka,Elektronik,153.98
Cici,Mainan Anak,187.36
Wawan,Pakaian,122.84
Eka,Elektronik,239.77
Heni,Buku,174.62
Putri,Elektronik,193.94
Sari,Buku,151.42
Gunawan,Peralatan Rumah Tangga,115.23
Nia,Buku,160.88
Julia,Pakaian,134.09
Indah,Peralatan Rumah Tangga,185.46
Lisa,Pakaian,173.1
Lisa,Buku,131.21
Fitri,Elektronik,110.77
Putri,Pakaian,135.97
Fitri,Mainan Anak,171.33
Bambang,Buku,142.99
Mawan,Peralatan Rumah Tangga,185.12
Gita,Mainan Anak,144.63
Gita,Pakaian,181.76
Chandra,Buku,153.09
Xena,Mainan Anak,117.03
Chandra,Pakaian,184.55
Bambang,Pakaian,211.3
Edi,Pakaian,54.88
Dedi,Pakaian,246.78
Gita,Mainan Anak,219.94
Dedi,Elektronik,141.08
Agus,Mainan Anak,88.89
Wawan,Peralatan Rumah Tangga,148.87
Gita,Pakaian,79.51
Putri,Elektronik,228.52
Mawan,Elektronik,205.68
Mawan,Pakaian,85.18
Julia,Mainan Anak,142.91
Dewi,Mainan Anak,99.84
Indah,Elektronik,141.29
Chandra,Peralatan Rumah Tangga,183.51
Lestari,Mainan Anak,169.08
Sari,Peralatan Rumah Tangga,172.52
Edi,Mainan Anak,135.34
Putri,Mainan Anak,139.18
Eka,Pakaian,198.72
Dewi,Peralatan Rumah Tangga,140.01
Kevin,Pakaian,217.96
Gita,Buku,203.16
Dedi,Mainan Anak,146.91
Julia,Pakaian,104.92
Andi,Elektronik,192.7
Fani,Pakaian,104.34
Putri,Buku,228.6
Kiki,Elektronik,77.67
Bambang,Pakaian,126.6
Gunawan,Pakaian,191.28
Fitri,Elektronik,132.97
Nia,Buku,158.52
Agus,Peralatan Rumah Tangga,62.45
Dedi,Peralatan Rumah Tangga,127.89
Kiki,Mainan Anak,239.2
Zaki,Elektronik,221.34
Andi,Mainan Anak,126.07
Zaki,Elektronik,238.54
Rian,Buku,200.69
Edi,Peralatan Rumah Tangga,157.64
Tono,Mainan Anak,209.97
Chandra,Pakaian,147.64
Kevin,Buku,137.16
Gunawan,Elektronik,127.77
Joko,Peralatan Rumah Tangga,194.83
Mawan,Peralatan Rumah Tangga,233.9
Tono,Mainan Anak,156.82
Nia,Peralatan Rumah Tangga,168.37
Dedi,Elektronik,66.79
Mega,Peralatan Rumah Tangga,77.14
Julia,Peralatan Rumah Tangga,86.34
Dedi,Buku,125.82
Vina,Pakaian,140.94
Dedi,Buku,202.24
Dedi,Peralatan Rumah Tangga,105.65
Mega,Peralatan Rumah Tangga,100.45
Fitri,Elektronik,144.06
Heni,Mainan Anak,60.42
Iwan,Buku,94.84
Kiki,Elektronik,206.24
Dedi,Elektronik,200.84
Heni,Pakaian,89.87
Fani,Elektronik,174.26
Lestari,Pakaian,75.24
Eka,Elektronik,162.79
Novi,Pakaian,143
Eka,Buku,203.37
Putri,Pakaian,171.17
Agus,Elektronik,205.55
Hadi,Pakaian,242.93
Lisa,Elektronik,165.73
Putri,Buku,165.15
Mega,Peralatan Rumah Tangga,129.33
Novi,Pakaian,65.2
Cici,Pakaian,70.38
Putra,Buku,220.05
Fani,Mainan Anak,211.1
Bambang,Mainan Anak,206.52
Mega,Buku,156.54
Lisa,Buku,63.79
Iwan,Buku,52.53
Vina,Peralatan Rumah Tangga,214.46
Rian,Elektronik,136.7
Nia,Buku,177.11
Vina,Peralatan Rumah Tangga,191.45
Putri,Peralatan Rumah Tangga,85.23
Rian,Mainan Anak,243.09
Agus,Buku,173.18
Indah,Mainan Anak,204.92
Utami,Peralatan Rumah Tangga,137.11
Edi,Mainan Anak,103.68
Vina,Pakaian,216.14
Eka,Elektronik,105.78
Andi,Peralatan Rumah Tangga,98.77
Edi,Peralatan Rumah Tangga,163.96
Putra,Peralatan Rumah Tangga,117.28
Lisa,Peralatan Rumah Tangga,220.18
Gita,Pakaian,147.51
Eka,Buku,209.56
Julia,Buku,105.93
Nia,Mainan Anak,190.23
Heni,Buku,161.15
Rian,Mainan Anak,239.6
Indah,Elektronik,98.27
Xena,Peralatan Rumah Tangga,147.71
Eka,Pakaian,188.11
Putri,Peralatan Rumah Tangga,139.63
Yanto,Elektronik,68.61
Tono,Pakaian,130.88
Kiki,Pakaian,111.24
Dewi,Mainan Anak,123.8
Julia,Mainan Anak,156.18
Utami,Peralatan Rumah Tangga,249.32
Putra,Mainan Anak,116.15
Iwan,Peralatan Rumah Tangga,104.18
Andi,Buku,96.11
Kevin,Pakaian,113.11
Utami,Mainan Anak,240.17
Gita,Pakaian,88.31
Indah,Peralatan Rumah Tangga,105.3
Rian,Mainan Anak,245.31
Hadi,Mainan Anak,169.35
Gita,Elektronik,216.52
Kevin,Buku,95.49
Joko,Pakaian,110.45
Sari,Mainan Anak,75.32
Tono,Elektronik,244.85
Novi,Mainan Anak,108.42
Nia,Pakaian,177.57
Wawan,Peralatan Rumah Tangga,70.52
Nia,Elektronik,164.81
Rian,Peralatan Rumah Tangga,145.74
Heni,Buku,86.87
Gunawan,Elektronik,100.49
Rian,Peralatan Rumah Tangga,72.82
Dedi,Elektronik,130.14
Fani,Elektronik,165.4
Chandra,Elektronik,80.34
Sari,Mainan Anak,239.82
Cici,Elektronik,248.77
Andi,Elektronik,161.61
Wawan,Peralatan Rumah Tangga,171.26
Indah,Mainan Anak,95.14
Rian,Mainan Anak,126.07
Kiki,Peralatan Rumah Tangga,109.47
Dewi,Mainan Anak,248
Kevin,Buku,163.72
Chandra,Elektronik,171.92
Kevin,Elektronik,239.51
Andi,Pakaian,175.1
Hadi,Buku,182.08
Eka,Pakaian,97.97
Joko,Mainan Anak,65.01
Julia,Elektronik,131.7
Cici,Mainan Anak,143.98
Yanto,Elektronik,96.29
Mega,Buku,190.59
Kevin,Peralatan Rumah Tangga,64.24
Joko,Pakaian,234.77
Chandra,Mainan Anak,182.23
Indah,Pakaian,135.02
Cici,Mainan Anak,94.96
Utami,Pakaian,231.67
Yanto,Pakaian,64.28
Cici,Pakaian,208.52
Xena,Mainan Anak,199.78
Nia,Mainan Anak,234.23
Putri,Peralatan Rumah Tangga,74.87
Gita,Buku,189.94
Xena,Buku,150.09
Kevin,Peralatan Rumah Tangga,137.55
Bambang,Mainan Anak,57.97
Putra,Peralatan Rumah Tangga,196.9
Joko,Mainan Anak,100.07
Putri,Elektronik,95.78
Kiki,Mainan Anak,167.42
Lestari,Elektronik,249.9
Bambang,Buku,165.24
Budi,Pakaian,144.1
Lestari,Peralatan Rumah Tangga,233.21
Wawan,Pakaian,249.38
Bambang,Peralatan Rumah Tangga,176.95
Putri,Peralatan Rumah Tangga,243.8
Sari,Peralatan Rumah Tangga,119.59
Kiki,Buku,114.21
Gita,Elektronik,221.54
Zaki,Buku,132.32
Cici,Peralatan Rumah Tangga,107.64
Fitri,Peralatan Rumah Tangga,212.71
Oki,Mainan Anak,57.34
Mawan,Elektronik,112.9
Edi,Buku,73.18
Xena,Peralatan Rumah Tangga,222.97
Utami,Elektronik,181.53
Oki,Mainan Anak,142.39
Oki,Elektronik,87.51
Budi,Buku,174.52
Mawan,Peralatan Rumah Tangga,175.08
Agus,Elektronik,90.71
Wawan,Mainan Anak,76.2
Sari,Buku,137.62
Eka,Peralatan Rumah Tangga,74.28
Sari,Mainan Anak,209.85
Xena,Pakaian,112.15
Heni,Elektronik,160.44
Agus,Elektronik,94.94
Julia,Elektronik,142.28
Wawan,Elektronik,179.54
Budi,Pakaian,14
